epoch,time,train/box_loss,train/cls_loss,train/dfl_loss,metrics/precision(B),metrics/recall(B),metrics/mAP50(B),metrics/mAP50-95(B),val/box_loss,val/cls_loss,val/dfl_loss,lr/pg0,lr/pg1,lr/pg2,lr/pg3,lr/pg4,lr/pg5,lr/pg6,lr/pg7
1,6489.54,1.66526,2.0568,1.23148,0.51647,0.26462,0.274,0.14703,1.54234,1.53392,1.18779,0.00999525,0.00333175,0.00999525,0.00333175,0.00999525,0.00333175,0.00999525,0.00333175
2,12634.6,1.61793,1.51955,1.20093,0.51095,0.28489,0.30436,0.16214,1.54774,1.42669,1.19185,0.0197478,0.0065826,0.0197478,0.0065826,0.0197478,0.0065826,0.0197478,0.0065826
3,18744.3,1.64489,1.47843,1.21771,0.46208,0.29012,0.30459,0.16014,1.54105,1.35923,1.19632,0.0292529,0.00975095,0.0292529,0.00975095,0.0292529,0.00975095,0.0292529,0.00975095
4,24870.4,1.62625,1.41361,1.21284,0.58239,0.31446,0.3312,0.17868,1.49299,1.26498,1.17431,0.0288862,0.00962875,0.0288862,0.00962875,0.0288862,0.00962875,0.0288862,0.00962875
5,30931.3,1.57413,1.32829,1.18616,0.59836,0.3231,0.35021,0.19053,1.44649,1.20275,1.15174,0.028515,0.009505,0.028515,0.009505,0.028515,0.009505,0.028515,0.009505
6,36957.6,1.54245,1.27931,1.16961,0.61623,0.34754,0.37483,0.20791,1.41861,1.14512,1.1294,0.0281437,0.00938125,0.0281437,0.00938125,0.0281437,0.00938125,0.0281437,0.00938125
7,42980.8,1.51533,1.24428,1.15631,0.6317,0.35023,0.3853,0.21628,1.39433,1.11762,1.12113,0.0277725,0.0092575,0.0277725,0.0092575,0.0277725,0.0092575,0.0277725,0.0092575
